{"cameraMode":{"drawMode":0,"name":"Shaded","section":"Shading Mode"},"sceneLighting":true,"audioPlay":false,"sceneViewState":{"m_AlwaysRefresh":false,"showFog":true,"showSkybox":true,"showFlares":true,"showImageEffects":true,"showParticleSystems":true,"showVisualEffectGraphs":true,"m_FxEnabled":true},"in2DMode":false,"pivot":{"x":0.38725852966308596,"y":1.540449619293213,"z":-28.16243553161621},"rotation":{"x":0.06310238689184189,"y":-0.19667978584766389,"z":0.022618914023041726,"w":0.9781924486160278},"size":2.5898778438568117,"orthographic":false}